{
    "build_artifact_path": "/Volumes/d_databricks/volumes/flowbase_dnst/build_artifact.json",
    "log_level": "INFO",
    "log_file": "../logs/flowbase.log",
    "logging_update_seconds": 30,
    "config_orchestrator": {
        "orchestrator_type": "dbx",
        "secret_scope": "keyvault-dp",
        "logging_table": "d_dnst_databricks.logging.task"
    },
    "environment_specific_values": {
        "secret_salsify": "salsify-api-dev--org-id",

        "source_quality_complaints": "src_quality_complaints_q",
        "source_work_accidents": "src_work_accidents_q",
        "landing_catalog": "d_dnst_000_landing",
        "bronze_catalog": "d_dnst_010_bronze",
        "silver_catalog": "d_dnst_020_silver",
        "gold_catalog": "d_dnst_030_gold",
        "platinum_catalog": "d_dnst_040_platinum"
    },
    "config_service_connectors": [
        {
            "sc_type": "dbx",
            "name": "dbx",
            "build_directory": "../datalake",
            "build_dirs_to_skip": [],
            "build": true,
            "default_owner": "sDatabricks-admin",
            "build_schemas": [
                "`d_dnst_030_gold`.`logging`",
                "`d_dnst_040_platinum`.`powerbi_masterdata`",
                "`d_dnst_040_platinum`.`powerbi_sustainability`",
                "`d_dnst_040_platinum`.`powerbi_controlling`",
                "`d_dnst_040_platinum`.`powerbi_logging`"
            ]
        }
    ],
    "custom": {
        "workiva": {
            "send_data": false
        },
        "info": {
            // no config - fyi
            "workspace_id": "5152004407349255",
            "workspace_url": "adb-5152004407349255.15.azuredatabricks.net",
            "workspace_name": "dbw-ne-d-dp",
            "environment": "dev"
        }
    }
}